<?xml version="1.0" encoding="ISO-8859-1"?>
<!-- This document is intended only for use by authorized licensees of The  -->
<!-- Weather Channel. Unauthorized use is prohibited.  Copyright 1995-2008, -->
<!-- The Weather Channel Interactive, Inc.  All Rights Reserved.            -->
<weather ver="2.0">
  <head>
    <locale>en_US</locale>
    <form>MEDIUM</form>
    <ut>F</ut>
    <ud>mi</ud>
    <us>mph</us>
    <up>in</up>
    <ur>in</ur>
  </head>
  <loc id="28277">
    <dnam>Charlotte, NC (28277)</dnam>
    <tm>8:34 PM</tm>
    <lat>35.06</lat>
    <lon>-80.81</lon>
    <sunr>7:18 AM</sunr>
    <suns>7:08 PM</suns>
    <zone>-4</zone>
  </loc>

  <lnks type="prmo">
    <link pos="1">
      <l>http://www.weather.com/allergies?par=xoap&amp;site=textlink&amp;cm_ven=XOAP&amp;cm_cat=TextLink&amp;cm_pla=Link1&amp;cm_ite=Allergies</l>
      <t>Local Pollen Reports</t>
    </link>
    <link pos="2">
      <l>http://www.weather.com/flights?par=xoap&amp;site=textlink&amp;cm_ven=XOAP&amp;cm_cat=TextLink&amp;cm_pla=Link2&amp;cm_ite=BusinessTraveler</l>
      <t>Airport Conditions</t>
    </link>
    <link pos="3">
      <l>http://www.weather.com/garden?par=xoap&amp;site=textlink&amp;cm_ven=XOAP&amp;cm_cat=TextLink&amp;cm_pla=Link3&amp;cm_ite=Garden</l>
      <t>Lawn and Garden Weather</t>
    </link>
    <link pos="4">
      <l>http://www.weather.com/traffic?par=xoap&amp;site=textlink&amp;cm_ven=XOAP&amp;cm_cat=TextLink&amp;cm_pla=Link4&amp;cm_ite=Traffic</l>
      <t>Rush Hour Traffic</t>
    </link>
  </lnks>
  <cc>
    <lsup>9/29/08 8:25 PM EDT</lsup>
    <obst>Matthews, NC</obst>
    <tmp>69</tmp>
    <flik>69</flik>
    <t>Clear</t>
    <icon>31</icon>
    <bar>
      <r>29.97</r>
      <d>steady</d>
    </bar>
    <wind>
      <s>1</s>
      <gust>N/A</gust>
      <d>30</d>
      <t>NNE</t>
    </wind>
    <hmid>78</hmid>
    <vis>9.0</vis>
    <uv>
      <i>0</i>
      <t>Low</t>
    </uv>
    <dewp>62</dewp>
    <moon>
      <icon>0</icon>
      <t>New</t>
    </moon>
  </cc>
</weather>